time	count
0.00	0.00
5077093.71	1.00
5077938.01	0.00
5078040.06	1.00
5078756.60	0.00
5078831.08	1.00
5080317.30	0.00
5084811.16	1.00
5084997.63	0.00
5085038.73	1.00
5085124.96	0.00
5085159.82	1.00
5086250.84	0.00
5086301.33	1.00
5086325.96	0.00
5086366.65	1.00
5086374.88	0.00
5086409.40	1.00
5086416.70	0.00
5086450.21	1.00
5086457.70	0.00
5086492.11	1.00
5088375.87	0.00
5088424.47	1.00
5088479.56	0.00
5088515.83	1.00
5088615.50	0.00
5088652.51	1.00
5088901.55	0.00
5088940.95	1.00
5089053.49	0.00
5089089.08	1.00
5098880.01	0.00
5098929.87	1.00
5098981.23	0.00
5099010.43	1.00
5100363.78	0.00
5100411.63	1.00
5100460.23	0.00
5100507.24	1.00
5101120.82	0.00
5101163.60	1.00
5101192.49	0.00
5101223.48	1.00
5101275.59	0.00
5105723.57	1.00
5106727.01	0.00
5111516.49	1.00
5111520.89	0.00
5111599.95	1.00
5112122.53	0.00
5112175.59	1.00
5112585.85	0.00
5112622.37	1.00
5112756.82	0.00
5112802.50	1.00
5112933.50	0.00
5112978.62	1.00
5113145.79	0.00
5115892.70	1.00
5115897.56	0.00
5115943.62	1.00
5116173.45	0.00
5116213.80	1.00
5116263.80	0.00
5116300.94	1.00
5116361.27	0.00
5116396.38	1.00
5116433.89	0.00
5116465.45	1.00
5116499.41	0.00
5116541.36	1.00
5116940.36	0.00
5116971.52	1.00
5117011.21	0.00
5117052.04	1.00
5117101.17	0.00
5117140.54	1.00
5117313.12	0.00
5117358.18	1.00
5117373.71	0.00
5117409.59	1.00
5117521.28	0.00
5117558.75	1.00
5117567.91	0.00
5117601.24	1.00
5117657.42	0.00
5117688.02	1.00
5117790.08	0.00
5117823.03	1.00
5118147.67	0.00
5118258.09	1.00
5118270.59	0.00
5118280.59	1.00
5118411.34	0.00
5118500.13	1.00
5118616.08	0.00
5118650.95	1.00
5118693.98	0.00
5118723.52	1.00
5118799.15	0.00
5118831.60	1.00
5119044.42	0.00
5119289.45	1.00
5119893.24	0.00
5119935.54	1.00
5120025.33	0.00
5120066.39	1.00
5120099.79	0.00
5120131.67	1.00
5121385.05	0.00
5121429.16	1.00
5121471.01	0.00
5121503.76	1.00
5121572.57	0.00
5121605.17	1.00
5122735.02	0.00
5122775.76	1.00
5122841.56	0.00
5122876.76	1.00
5122928.29	0.00
5122962.31	1.00
5123012.36	0.00
5123045.99	1.00
5123101.24	0.00
5123134.49	1.00
5123348.50	0.00
5123385.35	1.00
5123964.52	0.00
5124004.24	1.00
5124089.49	0.00
5124130.29	1.00
5124362.43	0.00
5124379.68	1.00
5124811.99	0.00
5124856.14	1.00
5124871.14	0.00
5124907.49	1.00
5125550.80	0.00
5125561.73	1.00
5125624.95	0.00
5125666.25	1.00
5125718.73	0.00
5125750.49	1.00
5125773.96	0.00
5125805.98	1.00
5126028.00	0.00
5126065.74	1.00
5126247.36	0.00
5126266.83	1.00
5126381.17	0.00
5126424.33	1.00
5126902.16	0.00
5126941.51	1.00
5126950.86	0.00
5126987.43	1.00
5127174.64	0.00
5127184.55	1.00
5127202.86	0.00
5127238.02	1.00
5127257.95	0.00
5127290.14	1.00
5127308.71	0.00
5127346.43	1.00
5127358.31	0.00
5127390.47	1.00
5127588.54	0.00
5127597.82	1.00
5127713.87	0.00
5127751.45	1.00
5127764.87	0.00
5127797.38	1.00
5128165.19	0.00
5128204.28	1.00
5129533.40	0.00
5129587.22	1.00
5129608.52	0.00
5129639.98	1.00
5129668.55	0.00
5129700.35	1.00
5129731.81	0.00
5129762.74	1.00
5129776.62	0.00
5129806.64	1.00
5129821.36	0.00
5129851.54	1.00
5129863.49	0.00
5129893.62	1.00
5130012.84	0.00
5130045.80	1.00
5131087.60	0.00
5131098.32	1.00
5131297.71	0.00
5131343.70	1.00
5131350.57	0.00
5131385.85	1.00
5131533.63	0.00
5131579.21	1.00
5131768.60	0.00
5131778.66	1.00
5131882.42	0.00
5131916.04	1.00
5131929.65	0.00
5131960.17	1.00
5132070.56	0.00
5132079.56	1.00
5132284.97	0.00
5132319.61	1.00
5132327.80	0.00
5132364.43	1.00
5132899.53	0.00
5132911.45	1.00
5133183.26	0.00
5133229.30	1.00
5133243.96	0.00
5133278.32	1.00
5133392.58	0.00
5133402.15	1.00
5133440.41	0.00
5133474.48	1.00
5133481.97	0.00
5133515.35	1.00
5133667.39	0.00
5133677.18	1.00
5134228.48	0.00
5134281.63	1.00
5134294.23	0.00
5134327.70	1.00
5134519.29	0.00
5134529.11	1.00
5134564.91	0.00
5134601.98	1.00
5134622.59	0.00
5134655.49	1.00
5134671.81	0.00
5134701.99	1.00
5134713.53	0.00
5134743.10	1.00
5134853.52	0.00
5134862.41	1.00
5134953.69	0.00
5134963.21	1.00
5134973.59	0.00
5135014.71	1.00
5135160.44	0.00
5135169.91	1.00
5135176.22	0.00
5135215.46	1.00
5135306.04	0.00
5135314.76	1.00
5135326.08	0.00
5135371.08	1.00
5135477.64	0.00
5135486.82	1.00
5135499.76	0.00
5135541.77	1.00
5135656.32	0.00
5135665.20	1.00
5135675.48	0.00
5135727.97	1.00
5135924.27	0.00
5135934.79	1.00
5135941.83	0.00
5135989.55	1.00
5136012.74	0.00
5136047.11	1.00
5136223.91	0.00
5136229.26	1.00
5136646.42	0.00
5136703.26	1.00
5136717.67	0.00
5136753.92	1.00
5136956.93	0.00
5136967.32	1.00
5136987.97	0.00
5137034.16	1.00
5137051.61	0.00
5137084.40	1.00
5137091.25	0.00
5137122.63	1.00
5137216.95	0.00
5137225.80	1.00
5137231.34	0.00
5137236.34	1.00
5137248.95	0.00
5137282.51	1.00
5137305.45	0.00
5137346.02	1.00
5137357.70	0.00
5137388.30	1.00
5137533.70	0.00
5137538.64	1.00
5137540.22	0.00
5137548.15	1.00
5137564.78	0.00
5137590.18	1.00
5137613.52	0.00
5137647.38	1.00
5137659.83	0.00
5137692.02	1.00
5137796.58	0.00
5137800.79	1.00
5137802.43	0.00
5137810.24	1.00
5137896.22	0.00
5137934.73	1.00
5137953.02	0.00
5137983.61	1.00
5137998.28	0.00
5138028.77	1.00
5138035.54	0.00
5138065.75	1.00
5138206.14	0.00
5138211.00	1.00
5138212.04	0.00
5138256.75	1.00
5138259.16	0.00
5138285.19	1.00
5138296.77	0.00
5138337.20	1.00
5138463.14	0.00
5138467.79	1.00
5138492.46	0.00
5138531.70	1.00
5138570.23	0.00
5138601.23	1.00
5138626.45	0.00
5138655.80	1.00
5138667.30	0.00
5138698.29	1.00
5138819.11	0.00
5138828.23	1.00
5139561.71	0.00
5139572.87	1.00
5139581.69	0.00
5139625.63	1.00
5139780.71	0.00
5139790.57	1.00
5139803.09	0.00
5139845.14	1.00
5139851.95	0.00
5139859.91	1.00
5140112.63	0.00
5140145.25	1.00
5140159.15	0.00
5140202.63	1.00
5140305.83	0.00
5140310.19	1.00
5140327.68	0.00
5140374.28	1.00
5140380.54	0.00
5140413.19	1.00
5140503.91	0.00
5140512.68	1.00
5140524.88	0.00
5140553.18	1.00
5140741.29	0.00
5140751.57	1.00
5140758.09	0.00
5140799.04	1.00
5140937.71	0.00
5140984.50	1.00
5140994.86	0.00
5141027.49	1.00
5141227.21	0.00
5141237.51	1.00
5141253.22	0.00
5141292.31	1.00
5141313.29	0.00
5141350.83	1.00
5141356.80	0.00
5141387.54	1.00
5141613.62	0.00
5141623.77	1.00
5141742.89	0.00
5141778.37	1.00
5141786.54	0.00
5141820.49	1.00
5141933.00	0.00
5141943.03	1.00
5141959.24	0.00
5142003.72	1.00
5142031.28	0.00
5142064.72	1.00
5142071.67	0.00
5142102.04	1.00
5142299.45	0.00
5142309.48	1.00
5142337.14	0.00
5142372.20	1.00
5142400.64	0.00
5142435.57	1.00
5142443.08	0.00
5142472.67	1.00
5142567.88	0.00
5142602.50	1.00
5142615.29	0.00
5142649.46	1.00
5142668.58	0.00
5142697.28	1.00
5142706.74	0.00
5142734.81	1.00
5142752.04	0.00
5142777.69	1.00
5142804.92	0.00
5142828.25	1.00
5143466.37	0.00
5143476.87	1.00
5143603.02	0.00
5143650.86	1.00
5143665.38	0.00
5143698.00	1.00
5143814.15	0.00
5143889.02	1.00
5143891.06	0.00
5143919.05	1.00
5143931.30	0.00
5143967.42	1.00
5144139.02	0.00
5144176.17	1.00
5144177.89	0.00
5144199.52	1.00
5144205.29	0.00
5144240.51	1.00
5144326.73	0.00
5144372.46	1.00
5144374.12	0.00
5144395.79	1.00
5144401.15	0.00
5144434.27	1.00
5144522.75	0.00
5144564.31	1.00
5144565.87	0.00
5144587.77	1.00
5144593.07	0.00
5144625.49	1.00
5144771.82	0.00
5144819.21	1.00
5144853.59	0.00
5144884.44	1.00
5144988.21	0.00
5145020.94	1.00
5145062.93	0.00
5145092.49	1.00
5145120.03	0.00
5145147.89	1.00
5145480.41	0.00
5145518.53	1.00
5145612.74	0.00
5145647.91	1.00
5145702.87	0.00
5145736.21	1.00
5145787.07	0.00
5145820.25	1.00
5145874.80	0.00
5145908.29	1.00
5146230.40	0.00
5146278.71	1.00
5146478.85	0.00
5146514.83	1.00
5146901.34	0.00
5146911.82	1.00
5147086.30	0.00
5147124.54	1.00
5147132.47	0.00
5147167.15	1.00
5147265.01	0.00
5147273.88	1.00
5147394.10	0.00
5147431.17	1.00
5147438.61	0.00
5147472.16	1.00
5147618.05	0.00
5147627.59	1.00
5147658.73	0.00
5147691.47	1.00
5147697.02	0.00
5147717.67	1.00
5147727.57	0.00
5147762.87	1.00
5147875.44	0.00
5147880.26	1.00
5147896.33	0.00
5147936.40	1.00
5147944.92	0.00
5147975.29	1.00
5148067.36	0.00
5148075.75	1.00
5148449.41	0.00
5148459.77	1.00
5148468.25	0.00
5148508.84	1.00
5148616.27	0.00
5148625.74	1.00
5148633.71	0.00
5148678.04	1.00
5148769.46	0.00
5148778.29	1.00
5148784.23	0.00
5148831.92	1.00
5148962.37	0.00
5148971.87	1.00
5148980.50	0.00
5149021.79	1.00
5149162.85	0.00
5149172.43	1.00
5149180.52	0.00
5149224.46	1.00
5149311.69	0.00
5149320.79	1.00
5149330.78	0.00
5149375.03	1.00
5149507.29	0.00
5149516.60	1.00
5149524.00	0.00
5149566.26	1.00
5149713.91	0.00
5149723.91	1.00
5149731.35	0.00
5149770.47	1.00
5149937.75	0.00
5149947.32	1.00
5149958.67	0.00
5150000.22	1.00
5150105.06	0.00
5150114.12	1.00
5150121.09	0.00
5150163.38	1.00
5150305.71	0.00
5150315.92	1.00
5150325.05	0.00
5150379.27	1.00
5150398.35	0.00
5150428.72	1.00
5150533.76	0.00
5150538.48	1.00
5150694.85	0.00
5150706.55	1.00
5150713.80	0.00
5150759.40	1.00
5150887.72	0.00
5150898.01	1.00
5150905.21	0.00
5150949.88	1.00
5151089.43	0.00
5151099.21	1.00
5151107.95	0.00
5151149.89	1.00
5151244.80	0.00
5151253.70	1.00
5151260.63	0.00
5151306.15	1.00
5151533.38	0.00
5151543.95	1.00
5151551.32	0.00
5151596.11	1.00
5151737.28	0.00
5151747.04	1.00
5151755.13	0.00
5151800.38	1.00
5151939.83	0.00
5151949.64	1.00
5151959.80	0.00
5152012.93	1.00
5152132.78	0.00
5152142.76	1.00
5152150.61	0.00
5152197.47	1.00
5152278.56	0.00
5152320.85	1.00
5152329.42	0.00
5152371.88	1.00
5152478.15	0.00
5152487.38	1.00
5152508.81	0.00
5152546.26	1.00
5152567.45	0.00
5152600.63	1.00
5152608.52	0.00
5152639.62	1.00
5152787.32	0.00
5152796.64	1.00
5152942.04	0.00
5152951.84	1.00
5152962.72	0.00
5153011.71	1.00
5153119.67	0.00
5153128.80	1.00
5153137.82	0.00
5153168.82	1.00
5153260.63	0.00
5153269.57	1.00
5153279.19	0.00
5153320.17	1.00
5153523.37	0.00
5153534.09	1.00
5153542.01	0.00
5153587.23	1.00
5153691.42	0.00
5153700.79	1.00
5153708.40	0.00
5153749.59	1.00
5153952.34	0.00
5153962.92	1.00
5153969.41	0.00
5154018.78	1.00
5154134.38	0.00
5154144.02	1.00
5154151.31	0.00
5154197.74	1.00
5154294.84	0.00
5154303.80	1.00
5154312.61	0.00
5154360.99	1.00
5154453.18	0.00
5154462.22	1.00
5154469.66	0.00
5154516.78	1.00
5154657.79	0.00
5154667.72	1.00
5154675.69	0.00
5154717.03	1.00
5154844.08	0.00
5154853.57	1.00
5154862.47	0.00
5154905.91	1.00
5154919.85	0.00
5154927.33	1.00
5155033.17	0.00
5155050.80	1.00
5155061.70	0.00
5155107.96	1.00
5155283.42	0.00
5155288.67	1.00
5155312.96	0.00
5155366.79	1.00
5155375.31	0.00
5155410.90	1.00
5155829.05	0.00
5155839.85	1.00
5155849.50	0.00
5155899.67	1.00
5155992.75	0.00
5156002.87	1.00
5156009.77	0.00
5156049.76	1.00
5156201.58	0.00
5156211.25	1.00
5156218.70	0.00
5156265.81	1.00
5156414.32	0.00
5156424.62	1.00
5156431.93	0.00
5156476.12	1.00
5156609.33	0.00
5156619.38	1.00
5156628.64	0.00
5156670.36	1.00
5156760.18	0.00
5156769.13	1.00
5156776.35	0.00
5156821.46	1.00
5157013.52	0.00
5157022.56	1.00
5157030.32	0.00
5157084.82	1.00
5157214.66	0.00
5157224.42	1.00
5157232.07	0.00
5157279.28	1.00
5157409.48	0.00
5157420.23	1.00
5157430.04	0.00
5157472.40	1.00
5157638.61	0.00
5157648.43	1.00
5157655.58	0.00
5157704.97	1.00
5157721.49	0.00
5157751.22	1.00
5158235.93	0.00
5158275.59	1.00
5158389.40	0.00
5158399.75	1.00
5158428.75	0.00
5158476.20	1.00
5158496.97	0.00
5158531.32	1.00
5158545.63	0.00
5158576.15	1.00
5158584.14	0.00
5158616.53	1.00
5158757.85	0.00
5158767.62	1.00
5158794.15	0.00
5158830.56	1.00
5158852.96	0.00
5158885.53	1.00
5158902.14	0.00
5158932.98	1.00
5158941.46	0.00
5158972.67	1.00
5159134.50	0.00
5159143.67	1.00
5159168.09	0.00
5159199.52	1.00
5159221.04	0.00
5159283.45	1.00
5159293.81	0.00
5159325.89	1.00
5159471.88	0.00
5159482.01	1.00
5159508.09	0.00
5159545.18	1.00
5159565.93	0.00
5159598.36	1.00
5159613.02	0.00
5159644.80	1.00
5159652.89	0.00
5159684.70	1.00
5159898.93	0.00
5159908.79	1.00
5159935.56	0.00
5159972.97	1.00
5159993.66	0.00
5160025.15	1.00
5160039.58	0.00
5160070.36	1.00
5160077.27	0.00
5160110.86	1.00
5160246.84	0.00
5160257.00	1.00
5160282.41	0.00
5160318.75	1.00
5160348.55	0.00
5160381.32	1.00
5160397.86	0.00
5160435.82	1.00
5160442.62	0.00
5160474.35	1.00
5160677.54	0.00
5160687.54	1.00
5160713.06	0.00
5160763.52	1.00
5160787.96	0.00
5160824.18	1.00
5160839.83	0.00
5160871.31	1.00
5160877.69	0.00
5160910.27	1.00
5161018.79	0.00
5161028.07	1.00
5161034.37	0.00
5161040.97	1.00
5161046.90	0.00
5161082.56	1.00
5161212.67	0.00
5161217.39	1.00
5161219.04	0.00
5161227.64	1.00
5161244.84	0.00
5161281.39	1.00
5161303.48	0.00
5161341.94	1.00
5161349.81	0.00
5161381.72	1.00
5161540.17	0.00
5161545.17	1.00
5161568.80	0.00
5161607.27	1.00
5161629.96	0.00
5161661.97	1.00
5161668.89	0.00
5161701.79	1.00
5161852.99	0.00
5161862.71	1.00
5161879.22	0.00
5161914.58	1.00
5161940.91	0.00
5161972.27	1.00
5162008.80	0.00
5162039.68	1.00
5162046.26	0.00
5162077.60	1.00
5162154.39	0.00
5162205.19	1.00
5162221.70	0.00
5162253.88	1.00
5162275.04	0.00
5162304.84	1.00
5162340.11	0.00
5162373.65	1.00
5163561.08	0.00
5163610.74	1.00
5164564.89	0.00
5164613.12	1.00
5164741.42	0.00
5164774.82	1.00
5164860.90	0.00
5164889.82	1.00
5165092.01	0.00
5165123.76	1.00
5165584.62	0.00
5165595.13	1.00
5165789.77	0.00
5165828.30	1.00
5165837.43	0.00
5165871.70	1.00
5165970.63	0.00
5165980.21	1.00
5166095.63	0.00
5166131.23	1.00
5166139.51	0.00
5166172.97	1.00
5166325.78	0.00
5166343.64	1.00
5166495.28	0.00
5166539.87	1.00
5166549.36	0.00
5166581.97	1.00
5166698.37	0.00
5166707.69	1.00
5167162.08	0.00
5167173.14	1.00
5167182.58	0.00
5167235.03	1.00
5167352.87	0.00
5167362.77	1.00
5167371.35	0.00
5167415.41	1.00
5167512.82	0.00
5167521.89	1.00
5167529.36	0.00
5167569.72	1.00
5167670.37	0.00
5167679.70	1.00
5167688.03	0.00
5167729.75	1.00
5167951.87	0.00
5167963.00	1.00
5167970.44	0.00
5168012.19	1.00
5168247.44	0.00
5168257.44	1.00
5168264.14	0.00
5168304.29	1.00
5168585.34	0.00
5168595.61	1.00
5168604.81	0.00
5168649.92	1.00
5168741.88	0.00
5168750.45	1.00
5168757.15	0.00
5168797.92	1.00
5168882.09	0.00
5168890.90	1.00
5168898.91	0.00
5168942.70	1.00
5169081.05	0.00
5169090.82	1.00
5169097.88	0.00
5169146.17	1.00
5169281.98	0.00
5169292.12	1.00
5169300.94	0.00
5169345.43	1.00
5169364.93	0.00
5169396.20	1.00
5169514.71	0.00
5169520.12	1.00
5170259.14	0.00
5170269.99	1.00
5170278.42	0.00
5170319.54	1.00
5170426.71	0.00
5170435.91	1.00
5170442.80	0.00
5170483.79	1.00
5170559.75	0.00
5170594.70	1.00
5170601.04	0.00
5170634.07	1.00
5170864.41	0.00
5170874.62	1.00
5170921.89	0.00
5170959.87	1.00
5170981.17	0.00
5171012.39	1.00
5171020.07	0.00
5171051.63	1.00
5171151.76	0.00
5171160.73	1.00
5171279.75	0.00
5171326.70	1.00
5171343.20	0.00
5171376.24	1.00
5171526.90	0.00
5171536.12	1.00
5171669.38	0.00
5171678.45	1.00
5171686.51	0.00
5171730.06	1.00
5171835.30	0.00
5171844.70	1.00
5171853.08	0.00
5171894.39	1.00
5171981.27	0.00
5171989.27	1.00
5171996.88	0.00
5172036.25	1.00
5172231.35	0.00
5172240.75	1.00
5172248.44	0.00
5172300.44	1.00
5172409.07	0.00
5172418.20	1.00
5172425.99	0.00
5172466.98	1.00
5172611.00	0.00
5172620.29	1.00
5172627.39	0.00
5172668.04	1.00
5172896.42	0.00
5172906.64	1.00
5172915.04	0.00
5172949.68	1.00
5173161.02	0.00
5173170.59	1.00
5173179.23	0.00
5173217.05	1.00
5173309.44	0.00
5173318.47	1.00
5173328.88	0.00
5173376.66	1.00
5173525.18	0.00
5173535.13	1.00
5173544.13	0.00
5173590.11	1.00
5173823.29	0.00
5173833.33	1.00
5173841.07	0.00
5173882.39	1.00
5174135.72	0.00
5174145.17	1.00
5174153.46	0.00
5174193.85	1.00
5174281.14	0.00
5174289.83	1.00
5174297.01	0.00
5174348.94	1.00
5174365.35	0.00
5174396.79	1.00
5174543.52	0.00
5174550.73	1.00
5174769.78	0.00
5174780.54	1.00
5174787.58	0.00
5174831.72	1.00
5174990.80	0.00
5175001.01	1.00
5175009.27	0.00
5175051.93	1.00
5175142.23	0.00
5175150.83	1.00
5175156.78	0.00
5175203.00	1.00
5175409.41	0.00
5175419.08	1.00
5175427.34	0.00
5175484.73	1.00
5175498.80	0.00
5175532.06	1.00
5175768.47	0.00
5175775.54	1.00
5175916.06	0.00
5175928.99	1.00
5175936.67	0.00
5175980.54	1.00
5176173.62	0.00
5176183.81	1.00
5176191.53	0.00
5176230.73	1.00
5176450.67	0.00
5176460.74	1.00
5176469.00	0.00
5176507.37	1.00
5176828.16	0.00
5176837.97	1.00
5176846.25	0.00
5176887.13	1.00
5177218.90	0.00
5177229.03	1.00
5177241.23	0.00
5177286.56	1.00
5177934.67	0.00
5177964.51	1.00
5177972.25	0.00
5178018.69	1.00
5178164.30	0.00
5178174.04	1.00
5178181.17	0.00
5178223.45	1.00
5178435.48	0.00
5178445.20	1.00
5178452.59	0.00
5178492.95	1.00
5178708.71	0.00
5178718.64	1.00
5178726.43	0.00
5178769.46	1.00
5179072.44	0.00
5179082.12	1.00
5179088.83	0.00
5179130.03	1.00
5179678.23	0.00
5179688.40	1.00
5179696.08	0.00
5179745.16	1.00
5180058.58	0.00
5180072.05	1.00
5180080.14	0.00
5180122.83	1.00
5180715.84	0.00
5180775.35	1.00
5180783.31	0.00
5180819.52	1.00
5180960.39	0.00
5181010.08	1.00
5181051.95	0.00
5181088.63	1.00
5181106.64	0.00
5181138.60	1.00
5181152.32	0.00
5181179.95	1.00
5181206.93	0.00
5181245.27	1.00
5181264.25	0.00
5181296.82	1.00
5181310.30	0.00
5181343.86	1.00
5181370.34	0.00
5181402.92	1.00
5181421.25	0.00
5181451.30	1.00
5181466.36	0.00
5181496.69	1.00
5181520.78	0.00
5181552.12	1.00
5181567.44	0.00
5181598.17	1.00
5181611.75	0.00
5181641.66	1.00
5181666.89	0.00
5181697.93	1.00
5181712.62	0.00
5181742.90	1.00
5181756.53	0.00
5181786.50	1.00
5181810.79	0.00
5181841.82	1.00
5181856.29	0.00
5181887.82	1.00
5181901.08	0.00
5181931.65	1.00
5181953.96	0.00
5181984.49	1.00
5182000.25	0.00
5182030.74	1.00
5182046.00	0.00
5182075.70	1.00
5182098.68	0.00
5182129.10	1.00
5182145.63	0.00
5182175.36	1.00
5182190.49	0.00
5182220.10	1.00
5182244.16	0.00
5182296.12	1.00
5182314.32	0.00
5182358.50	1.00
5182372.44	0.00
5182403.80	1.00
5182427.88	0.00
5182461.15	1.00
5182477.58	0.00
5182507.21	1.00
5182522.24	0.00
5182551.75	1.00
5182574.36	0.00
5182604.35	1.00
5182622.11	0.00
5182652.51	1.00
5182669.60	0.00
5182698.77	1.00
5182733.10	0.00
5182763.67	1.00
5182788.71	0.00
5182818.90	1.00
5183847.58	0.00
5183895.53	1.00
5184902.95	0.00
5184950.43	1.00
5185065.90	0.00
5185096.05	1.00
5185127.21	0.00
5185153.97	1.00
5185235.88	0.00
5185262.68	1.00
5185524.87	0.00
5185558.11	1.00
5185643.60	0.00
5185673.86	1.00
5185770.63	0.00
5185807.66	1.00
5185858.59	0.00
5185892.02	1.00
5185946.95	0.00
5185980.38	1.00
5186230.38	0.00
5186278.00	1.00
5186419.74	0.00
5186454.13	1.00
5186931.22	0.00
5186979.07	1.00
5187083.49	0.00
5187112.96	1.00
5187237.91	0.00
5187273.15	1.00
5187754.62	0.00
5187804.52	1.00
5187912.70	0.00
5187953.93	1.00
5188052.05	0.00
5188081.05	1.00
5188194.62	0.00
5188230.68	1.00
5188323.25	0.00
5188372.74	1.00
5188848.46	0.00
5188897.51	1.00
5188994.72	0.00
5189023.46	1.00
5189139.67	0.00
5189175.46	1.00
5189271.55	0.00
5189314.59	1.00
5189812.66	0.00
5189877.29	1.00
5189912.42	0.00
5189942.97	1.00
5190034.44	0.00
5190058.83	1.00
5190075.19	0.00
5190105.53	1.00
5190149.38	0.00
5190173.88	1.00
5190249.70	0.00
5190281.73	1.00
5190457.81	0.00
5190503.16	1.00
5191811.91	0.00
5191944.21	1.00
5191946.16	0.00
5191988.78	1.00
5191995.55	0.00
5192032.29	1.00
5192146.82	0.00
5192296.70	1.00
5192298.42	0.00
5192338.33	1.00
5192352.57	0.00
5192387.99	1.00
5192487.93	0.00
5192555.39	1.00
5192558.19	0.00
5192585.53	1.00
5192594.56	0.00
5192630.41	1.00
5192737.49	0.00
5192760.52	1.00
5192762.14	0.00
5192787.02	1.00
5192793.53	0.00
5192826.92	1.00
5192929.12	0.00
5192945.80	1.00
5192947.30	0.00
5192973.35	1.00
5192980.12	0.00
5193013.67	1.00
5193115.41	0.00
5193123.00	1.00
5193124.57	0.00
5193151.08	1.00
5193157.84	0.00
5193191.07	1.00
5193290.70	0.00
5193336.99	1.00
5193345.21	0.00
5193390.97	1.00
5193495.48	0.00
5193514.28	1.00
5193516.05	0.00
5193539.05	1.00
5193546.87	0.00
5193581.96	1.00
5193870.05	0.00
5193967.72	1.00
5193969.47	0.00
5193993.12	1.00
5194005.52	0.00
5194049.85	1.00
5194230.20	0.00
5194303.12	1.00
5194304.77	0.00
5194326.52	1.00
5194341.74	0.00
5194399.38	1.00
5194500.68	0.00
5194517.84	1.00
5194519.38	0.00
5194543.86	1.00
5194550.94	0.00
5194583.94	1.00
5194697.29	0.00
5194722.02	1.00
5194729.62	0.00
5194762.43	1.00
5194865.50	0.00
5194873.38	1.00
5194875.28	0.00
5194891.95	1.00
5194898.73	0.00
5194935.37	1.00
5195041.08	0.00
5195049.99	1.00
5195051.50	0.00
5195077.62	1.00
5195085.11	0.00
5195125.42	1.00
5195230.55	0.00
5195238.42	1.00
5195240.99	0.00
5195263.14	1.00
5195270.06	0.00
5195312.98	1.00
5195575.07	0.00
5195667.74	1.00
5195669.47	0.00
5195692.25	1.00
5195706.53	0.00
5195743.95	1.00
5195940.90	0.00
5196003.50	1.00
5196005.17	0.00
5196027.85	1.00
5196039.72	0.00
5196075.60	1.00
5196173.31	0.00
5196194.77	1.00
5196196.42	0.00
5196218.43	1.00
5196226.53	0.00
5196261.40	1.00
5196374.34	0.00
5196390.59	1.00
5196392.16	0.00
5196423.65	1.00
5196431.36	0.00
5196469.78	1.00
5196578.49	0.00
5196586.38	1.00
5196588.00	0.00
5196623.32	1.00
5196630.72	0.00
5196664.52	1.00
5196765.22	0.00
5196787.13	1.00
5196788.69	0.00
5196816.11	1.00
5196823.07	0.00
5196857.05	1.00
5197091.15	0.00
5197207.50	1.00
5197209.20	0.00
5197231.86	1.00
5197260.80	0.00
5197299.41	1.00
5197483.32	0.00
5197505.62	1.00
5197507.25	0.00
5197529.17	1.00
5197537.74	0.00
5197573.42	1.00
5197669.94	0.00
5197691.55	1.00
5197693.03	0.00
5197705.45	1.00
5197712.71	0.00
5197748.03	1.00
5197859.05	0.00
5197866.90	1.00
5197869.15	0.00
5197894.57	1.00
5197901.74	0.00
5197938.26	1.00
5198044.90	0.00
5198052.74	1.00
5198054.21	0.00
5198083.57	1.00
5198090.22	0.00
5198137.64	1.00
5198344.39	0.00
5198415.46	1.00
5198417.13	0.00
5198430.96	1.00
5198442.22	0.00
5198479.20	1.00
5198720.91	0.00
5198745.32	1.00
5198747.00	0.00
5198768.84	1.00
5198775.96	0.00
5198811.73	1.00
5198906.43	0.00
5198914.02	1.00
5198915.49	0.00
5198940.21	1.00
5198946.76	0.00
5198981.97	1.00
5199091.05	0.00
5199122.78	1.00
5199130.27	0.00
5199168.97	1.00
5199407.55	0.00
5199416.63	1.00
5199418.52	0.00
5199445.79	1.00
5199453.42	0.00
5199489.82	1.00
5199691.91	0.00
5199700.87	1.00
5199702.58	0.00
5199724.89	1.00
5199732.47	0.00
5199768.20	1.00
5199867.21	0.00
5199910.72	1.00
5199918.37	0.00
5199953.19	1.00
5200055.71	0.00
5200086.75	1.00
5200094.11	0.00
5200129.97	1.00
5200227.42	0.00
5200234.91	1.00
5200236.59	0.00
5200252.17	1.00
5200258.27	0.00
5200291.07	1.00
5200401.52	0.00
5200426.15	1.00
5200433.63	0.00
5200468.25	1.00
5200657.41	0.00
5200773.03	1.00
5200774.81	0.00
5200809.63	1.00
5200819.10	0.00
5200855.70	1.00
5201004.47	0.00
5201032.27	1.00
5201039.38	0.00
5201076.29	1.00
5201165.80	0.00
5201173.25	1.00
5201174.95	0.00
5201206.82	1.00
5201212.86	0.00
5201247.25	1.00
5201420.33	0.00
5201449.44	1.00
5201456.49	0.00
5201493.54	1.00
5201673.02	0.00
5201681.77	1.00
5201684.44	0.00
5201712.46	1.00
5201719.99	0.00
5201756.30	1.00
5202025.49	0.00
5202049.27	1.00
5202057.12	0.00
5202093.34	1.00
5202200.01	0.00
5202227.81	1.00
5202235.01	0.00
5202269.71	1.00
5202441.65	0.00
5202473.54	1.00
5202481.63	0.00
5202520.04	1.00
5202717.93	0.00
5202750.79	1.00
5202759.07	0.00
5202797.20	1.00
5202963.08	0.00
5202991.07	1.00
5202998.52	0.00
5203034.90	1.00
5203135.85	0.00
5203163.71	1.00
5203170.68	0.00
5203204.07	1.00
5203301.59	0.00
5203334.68	1.00
5203341.99	0.00
5203379.38	1.00
5203484.26	0.00
5203508.68	1.00
5203515.93	0.00
5203554.17	1.00
5203737.81	0.00
5203755.90	1.00
5203757.73	0.00
5203786.86	1.00
5203794.93	0.00
5203832.00	1.00
5204031.22	0.00
5204039.86	1.00
5204041.76	0.00
5204067.41	1.00
5204074.06	0.00
5204109.95	1.00
5204219.79	0.00
5204242.49	1.00
5204249.59	0.00
5204283.38	1.00
5204569.48	0.00
5204578.60	1.00
5204580.45	0.00
5204604.84	1.00
5204624.09	0.00
5204657.02	1.00
5205099.49	0.00
5205128.27	1.00
5205136.08	0.00
5205175.59	1.00
5205326.71	0.00
5205349.04	1.00
5205351.00	0.00
5205374.07	1.00
5205381.63	0.00
5205419.48	1.00
5205785.47	0.00
5205826.22	1.00
5205871.58	0.00
5205912.89	1.00
5205998.57	0.00
5206027.95	1.00
5206255.95	0.00
5206294.52	1.00
5206420.82	0.00
5206469.84	1.00
5206479.31	0.00
5206489.21	1.00
5206557.77	0.00
5206741.04	1.00
5206995.92	0.00
5207036.76	1.00
5207070.17	0.00
5207099.94	1.00
5207173.87	0.00
5207204.18	1.00
5207243.66	0.00
5207273.35	1.00
5207354.20	0.00
5207386.33	1.00
5207603.39	0.00
5207638.25	1.00
5207706.12	0.00
5207738.21	1.00
5207790.75	0.00
5207822.22	1.00
5207870.73	0.00
5207901.71	1.00
5207955.46	0.00
5207987.17	1.00
5208198.41	0.00
5208233.49	1.00
5208371.17	0.00
5208407.83	1.00
5208513.87	0.00
5208555.51	1.00
5209087.77	0.00
5209137.82	1.00
5210215.09	0.00
5210255.03	1.00
5210378.60	0.00
5210425.64	1.00
5210469.14	0.00
5210499.01	1.00
5210573.21	0.00
5210609.75	1.00
5210717.49	0.00
5210758.03	1.00
5210882.98	0.00
5210919.61	1.00
5211455.57	0.00
5211503.58	1.00
5211606.37	0.00
5211634.90	1.00
5211760.44	0.00
5211799.39	1.00
5212314.11	0.00
5212390.00	1.00
5212517.80	0.00
5212562.03	1.00
5212669.53	0.00
5212697.67	1.00
5212824.76	0.00
5212859.86	1.00
5213412.27	0.00
5213462.70	1.00
5213565.73	0.00
5213608.33	1.00
5213644.02	0.00
5213672.80	1.00
5213769.73	0.00
5213798.24	1.00
5214006.52	0.00
5214042.36	1.00
5214228.88	0.00
5214272.14	1.00
5214321.32	0.00
5214362.33	1.00
5214442.24	0.00
5214476.16	1.00
5214555.24	0.00
5214596.89	1.00
5214613.51	0.00
5214645.16	1.00
5214675.25	0.00
5214705.25	1.00
5214893.16	0.00
5214928.85	1.00
5215139.69	0.00
5215176.54	1.00
5215238.78	0.00
5215273.02	1.00
5215325.24	0.00
5215365.41	1.00
5215415.85	0.00
5215450.09	1.00
5215503.25	0.00
5215535.56	1.00
5215617.17	0.00
5215651.93	1.00
5215787.77	0.00
5215821.74	1.00
5216163.97	0.00
5216204.37	1.00
5217478.53	0.00
5217536.98	1.00
5217639.30	0.00
5217671.14	1.00
5217798.60	0.00
5217833.48	1.00
5218875.68	0.00
5218923.29	1.00
5219025.74	0.00
5219053.38	1.00
5219177.36	0.00
5219207.11	1.00
5220221.67	0.00
5220267.98	1.00
5220393.18	0.00
5220424.69	1.00
5220525.14	0.00
5220564.07	1.00
5220692.32	0.00
5220726.22	1.00
5220816.71	0.00
5220864.81	1.00
5221713.11	0.00
5221763.47	1.00
5221864.26	0.00
5221904.58	1.00
5221940.04	0.00
5221972.30	1.00
5222070.42	0.00
5222102.47	1.00
5222120.79	0.00
5222149.88	1.00
5222177.40	0.00
5222207.03	1.00
5222427.09	0.00
5222463.00	1.00
5222526.89	0.00
5222562.12	1.00
5222626.98	0.00
5222659.45	1.00
5222707.84	0.00
5222740.33	1.00
5222793.25	0.00
5222826.20	1.00
5222974.91	0.00
5223019.29	1.00
5223146.48	0.00
5223180.81	1.00
5223652.11	0.00
5223700.06	1.00
5223799.75	0.00
5223828.75	1.00
5223952.05	0.00
5223983.79	1.00
5224454.73	0.00
5224502.64	1.00
5224601.55	0.00
5224628.96	1.00
5224751.89	0.00
5224782.18	1.00
5225265.83	0.00
5225310.73	1.00
5225469.33	0.00
5225512.75	1.00
5225614.75	0.00
5225645.57	1.00
5225781.32	0.00
5225813.99	1.00
5226309.86	0.00
5226365.05	1.00
5226462.46	0.00
5226509.55	1.00
5226542.99	0.00
5226574.43	1.00
5226667.94	0.00
5226697.01	1.00
5226894.23	0.00
5226929.14	1.00
5226991.56	0.00
5227025.66	1.00
5227076.07	0.00
5227109.16	1.00
5227157.60	0.00
5227191.00	1.00
5227243.66	0.00
5227276.32	1.00
5227432.63	0.00
5227476.35	1.00
5227596.88	0.00
5227631.25	1.00
5228012.88	0.00
5228062.28	1.00
5228156.36	0.00
5228184.76	1.00
5228297.95	0.00
5228339.23	1.00
5228432.23	0.00
5228477.07	1.00
5228865.97	0.00
5228914.30	1.00
5229010.65	0.00
5229039.42	1.00
5229151.53	0.00
5229187.00	1.00
5229290.08	0.00
5229341.84	1.00
5229774.40	0.00
5229822.74	1.00
5229919.14	0.00
5229946.08	1.00
5230076.88	0.00
5230112.53	1.00
5230550.11	0.00
5230599.83	1.00
5230701.57	0.00
5230743.81	1.00
5230785.25	0.00
5230815.57	1.00
5230909.17	0.00
5230936.76	1.00
5230950.30	0.00
5230977.68	1.00
5231023.27	0.00
5231051.99	1.00
5231124.43	0.00
5231159.21	1.00
5231314.59	0.00
5231366.76	1.00
5231961.96	0.00
5231995.60	1.00
5232034.81	0.00
5232060.90	1.00
5232130.44	0.00
5232159.17	1.00
5232358.64	0.00
5232409.48	1.00
5232510.09	0.00
5232549.82	1.00
5232567.74	0.00
5232576.62	1.00
5232644.08	0.00
5232770.18	1.00
5232958.82	0.00
5232998.05	1.00
5233024.52	0.00
5233054.72	1.00
5233121.99	0.00
5233151.86	1.00
5233187.61	0.00
5233218.69	1.00
5233282.47	0.00
5233314.73	1.00
5233521.99	0.00
5233558.75	1.00
5233619.98	0.00
5233654.04	1.00
5233704.00	0.00
5233736.97	1.00
5233784.92	0.00
5233817.17	1.00
5233869.90	0.00
5233919.72	1.00
5234107.41	0.00
5234140.52	1.00
5234256.55	0.00
5234293.45	1.00
5234389.22	0.00
5234427.70	1.00
5234821.33	0.00
5234870.95	1.00
5235807.26	0.00
5235844.56	1.00
5235939.71	0.00
5235972.43	1.00
5236009.83	0.00
5236040.87	1.00
5236107.25	0.00
5236140.37	1.00
5236238.93	0.00
5236280.43	1.00
5236407.18	0.00
5236441.51	1.00
5236823.09	0.00
5236873.42	1.00
5236973.07	0.00
5237002.04	1.00
5237119.10	0.00
5237148.71	1.00
5237550.78	0.00
5237600.46	1.00
5237697.01	0.00
5237740.70	1.00
5237837.94	0.00
5237866.01	1.00
5237979.72	0.00
5238018.05	1.00
5238434.39	0.00
5238483.98	1.00
5238577.07	0.00
5238619.12	1.00
5238653.10	0.00
5238683.24	1.00
5238776.52	0.00
5238804.05	1.00
5239003.30	0.00
5239038.05	1.00
5239077.04	0.00
5239110.67	1.00
5239177.74	0.00
5239211.45	1.00
5239403.25	0.00
5239448.91	1.00
5239463.42	0.00
5239496.72	1.00
5239528.43	0.00
5239557.21	1.00
5239742.63	0.00
5239776.35	1.00
5239974.46	0.00
5240010.91	1.00
5240072.58	0.00
5240107.79	1.00
5240158.29	0.00
5240189.89	1.00
5240238.59	0.00
5240271.06	1.00
5240323.75	0.00
5240361.00	1.00
5240440.21	0.00
5240473.38	1.00
5240603.13	0.00
5240636.37	1.00
5240954.83	0.00
5240993.69	1.00
5241476.94	0.00
5241529.22	1.00
5241632.14	0.00
5241663.99	1.00
5241784.45	0.00
5241832.15	1.00
5242297.30	0.00
5242353.23	1.00
5242452.79	0.00
5242479.99	1.00
5242609.61	0.00
5242639.87	1.00
5243105.96	0.00
5243150.49	1.00
5243248.11	0.00
5243272.71	1.00
5243406.92	0.00
5243434.77	1.00
5243898.85	0.00
5243943.32	1.00
5244050.30	0.00
5244086.21	1.00
5244120.71	0.00
5244147.50	1.00
5244240.41	0.00
5244267.13	1.00
5244282.89	0.00
5244305.49	1.00
5244330.95	0.00
5244362.37	1.00
5244590.50	0.00
5244620.56	1.00
5244683.86	0.00
5244715.72	1.00
5244770.07	0.00
5244804.07	1.00
5244852.71	0.00
5244885.71	1.00
5244939.22	0.00
5244972.06	1.00
5245219.85	0.00
5245266.26	1.00
5245401.52	0.00
5245436.57	1.00
5245902.67	0.00
5245950.37	1.00
5246048.79	0.00
5246076.94	1.00
5246198.90	0.00
5246230.54	1.00
5246701.09	0.00
5246747.40	1.00
5246845.80	0.00
5246871.90	1.00
5246995.30	0.00
5247024.92	1.00
5247508.09	0.00
5247552.40	1.00
5247655.25	0.00
5247686.56	1.00
5247804.68	0.00
5247842.54	1.00
5247931.05	0.00
5247972.89	1.00
5248103.96	0.00
5248136.55	1.00
5248640.98	0.00
5248688.93	1.00
5248785.56	0.00
5248824.58	1.00
5248858.84	0.00
5248888.98	1.00
5248984.23	0.00
5249015.66	1.00
5249210.80	0.00
5249244.14	1.00
5249306.10	0.00
5249345.75	1.00
5249398.93	0.00
5249432.26	1.00
5249481.23	0.00
5249513.84	1.00
5249568.70	0.00
5249601.35	1.00
5249758.33	0.00
5249802.49	1.00
5249922.12	0.00
5249956.79	1.00
5250345.38	0.00
5250394.10	1.00
5250491.19	0.00
5250519.37	1.00
5250642.27	0.00
5250677.74	1.00
5251064.40	0.00
5251113.31	1.00
5251207.25	0.00
5251257.47	1.00
5251360.65	0.00
5251387.81	1.00
5251502.29	0.00
5251535.41	1.00
5251627.90	0.00
5251668.15	1.00
5252065.17	0.00
5252113.26	1.00
5252209.84	0.00
5252238.64	1.00
5252363.72	0.00
5252399.05	1.00
5252811.45	0.00
5252859.95	1.00
5252957.22	0.00
5252999.80	1.00
5253040.42	0.00
5253071.32	1.00
5253164.62	0.00
5253191.94	1.00
5253205.62	0.00
5253234.59	1.00
5253273.37	0.00
5253294.28	1.00
5253369.22	0.00
5253402.75	1.00
5253544.79	0.00
5253588.17	1.00
5254148.64	0.00
5254189.34	1.00
5254235.12	0.00
5254265.69	1.00
5254339.63	0.00
5254373.67	1.00
5254457.71	0.00
5254493.95	1.00
5254679.25	0.00
5254770.88	1.00
5254779.28	0.00
5254790.07	1.00
5254868.13	0.00
5254970.52	1.00
5255149.24	0.00
5255188.71	1.00
5255216.32	0.00
5255247.32	1.00
5255315.64	0.00
5255354.81	1.00
5255392.31	0.00
5255425.13	1.00
5255491.48	0.00
5255525.19	1.00
5255721.88	0.00
5255759.43	1.00
5255820.86	0.00
5255855.62	1.00
5255906.68	0.00
5255940.11	1.00
5255989.54	0.00
5256022.56	1.00
5256078.08	0.00
5256109.33	1.00
5256297.49	0.00
5256339.24	1.00
5256465.22	0.00
5256500.12	1.00
5256596.92	0.00
5256633.67	1.00
5257088.58	0.00
5257137.18	1.00
5258067.58	0.00
5258107.38	1.00
5258210.74	0.00
5258243.58	1.00
5258283.09	0.00
5258314.50	1.00
5258398.60	0.00
5258434.09	1.00
5258538.86	0.00
5258580.45	1.00
5258715.29	0.00
5258749.62	1.00
5259143.12	0.00
5259191.51	1.00
5259289.39	0.00
5259318.27	1.00
5259445.05	0.00
5259481.69	1.00
5259880.15	0.00
5259929.37	1.00
5260024.95	0.00
5260068.34	1.00
5260166.41	0.00
5260193.48	1.00
5260307.67	0.00
5260353.80	1.00
5260447.36	0.00
5260489.34	1.00
5260899.17	0.00
5260947.41	1.00
5260981.66	0.00
5261012.14	1.00
5261103.58	0.00
5261131.19	1.00
5261324.42	0.00
5261364.72	1.00
5261549.57	0.00
5261594.22	1.00
5261642.64	0.00
5261675.08	1.00
5261744.49	0.00
5261776.96	1.00
5261792.55	0.00
5261822.52	1.00
5261847.64	0.00
5261876.57	1.00
5262068.46	0.00
5262103.61	1.00
5262304.80	0.00
5262348.99	1.00
5262411.20	0.00
5262446.42	1.00
5262496.38	0.00
5262529.18	1.00
5262577.06	0.00
5262609.22	1.00
5262663.23	0.00
5262695.49	1.00
5262774.71	0.00
5262809.74	1.00
5262937.79	0.00
5262971.60	1.00
5263288.31	0.00
5263329.54	1.00
5263813.08	0.00
5263862.00	1.00
5263962.17	0.00
5263993.73	1.00
5264113.38	0.00
5264146.31	1.00
5264609.43	0.00
5264658.12	1.00
5264755.61	0.00
5264780.53	1.00
5264903.07	0.00
5264933.15	1.00
5265397.70	0.00
5265441.32	1.00
5265539.11	0.00
5265563.74	1.00
5265706.52	0.00
5265734.45	1.00
5266196.25	0.00
5266242.23	1.00
5266285.41	0.00
5266312.68	1.00
5266414.89	0.00
5266443.11	1.00
5266548.38	0.00
5266582.13	1.00
5266597.34	0.00
5266621.84	1.00
5266653.04	0.00
5266676.33	1.00
5266878.28	0.00
5266908.18	1.00
5266974.63	0.00
5267003.38	1.00
5267055.42	0.00
5267087.97	1.00
5267136.04	0.00
5267168.23	1.00
5267220.57	0.00
5267257.06	1.00
5267520.70	0.00
5267567.42	1.00
5267697.07	0.00
5267733.36	1.00
5268198.79	0.00
5268246.58	1.00
5268355.08	0.00
5268384.75	1.00
5268508.39	0.00
5268540.80	1.00
5269004.31	0.00
5269051.13	1.00
5269149.67	0.00
5269177.70	1.00
5269302.13	0.00
5269338.81	1.00
5269814.59	0.00
5269859.52	1.00
5269964.53	0.00
5269997.87	1.00
5270145.00	0.00
5270185.36	1.00
5270314.56	0.00
5270355.50	1.00
5270876.06	0.00
5270927.53	1.00
5271027.59	0.00
5271068.17	1.00
5271102.79	0.00
5271134.11	1.00
5271232.10	0.00
5271264.99	1.00
5271475.85	0.00
5271512.77	1.00
5271576.55	0.00
5271612.22	1.00
5271664.82	0.00
5271699.23	1.00
5271748.50	0.00
5271782.99	1.00
5271837.20	0.00
5271871.12	1.00
5272020.92	0.00
5272066.28	1.00
5272190.68	0.00
5272225.21	1.00
5272652.54	0.00
5272703.16	1.00
5272803.76	0.00
5272831.33	1.00
5272958.50	0.00
5272993.52	1.00
5273107.92	0.00
5273150.65	1.00
5273628.24	0.00
5273678.17	1.00
5273785.38	0.00
5273815.03	1.00
5273948.69	0.00
5273982.56	1.00
5274082.22	0.00
5274122.69	1.00
5274556.88	0.00
5274604.10	1.00
5274704.59	0.00
5274731.48	1.00
5274863.71	0.00
5274893.04	1.00
5275317.11	0.00
5275372.61	1.00
5275470.17	0.00
5275508.35	1.00
5275541.97	0.00
5275571.66	1.00
5275661.54	0.00
5275689.85	1.00
5275704.04	0.00
5275729.18	1.00
5275768.61	0.00
5275794.29	1.00
5275866.90	0.00
5275897.25	1.00
5276047.92	0.00
5276089.27	1.00
5276710.02	0.00
5276747.31	1.00
5276799.26	0.00
5276829.23	1.00
5276900.47	0.00
5276933.72	1.00
5277023.28	0.00
5277060.79	1.00
5277256.09	0.00
5277356.36	1.00
5277365.58	0.00
5277375.31	1.00
5277460.32	0.00
5277617.79	1.00
5277806.28	0.00
5277865.23	1.00
5277892.86	0.00
5277923.29	1.00
5277993.28	0.00
5278023.80	1.00
5278060.51	0.00
5278090.37	1.00
5278156.13	0.00
5278189.39	1.00
5278399.49	0.00
5278435.70	1.00
5278498.64	0.00
5278532.43	1.00
5278589.65	0.00
5278624.15	1.00
5278673.98	0.00
5278707.44	1.00
5278761.19	0.00
5278794.44	1.00
5278935.22	0.00
5278970.38	1.00
5279087.58	0.00
5279125.33	1.00
5279204.10	0.00
5279241.92	1.00
5279645.40	0.00
5279694.94	1.00
5279760.59	0.00
5279795.51	1.00
5279900.53	0.00
5279931.27	1.00
5280043.79	0.00
5280079.71	1.00
5280173.08	0.00
5280216.89	1.00
5280611.29	0.00
5280659.75	1.00
5280757.17	0.00
5280785.83	1.00
5280898.02	0.00
5280933.38	1.00
5281026.62	0.00
5281068.66	1.00
5281466.19	0.00
5281514.50	1.00
5281610.39	0.00
5281638.86	1.00
5281751.35	0.00
5281786.86	1.00
5281880.06	0.00
5281922.91	1.00
5282375.23	0.00
5282424.82	1.00
5282460.78	0.00
5282489.76	1.00
5282600.31	0.00
5282626.60	1.00
5282674.70	0.00
5282701.06	1.00
5282710.67	0.00
5282719.79	1.00
5282900.81	0.00
5282942.21	1.00
5282964.31	0.00
5283043.19	1.00
5283585.44	0.00
5283626.21	1.00
5283672.75	0.00
5283704.92	1.00
5283734.32	0.00
5283764.61	1.00
5283987.14	0.00
5284023.75	1.00
5287645.33	0.00
5287707.86	1.00
5287778.35	0.00
5287821.31	1.00
5289412.93	0.00
5289468.24	1.00
5289509.78	0.00
5289538.21	1.00
5289824.99	0.00
5289866.08	1.00
5291677.11	0.00
5291731.81	1.00
5291857.65	0.00
5291895.55	1.00
5291909.12	0.00
5291939.02	1.00
5291943.70	0.00
5291972.97	1.00
5291977.62	0.00
5292007.43	1.00
5292012.17	0.00
5292041.68	1.00
5292055.60	0.00
5292085.51	1.00
5292093.58	0.00
5292123.63	1.00
5292132.33	0.00
5292161.95	1.00
5292170.26	0.00
5292199.75	1.00
5294789.79	0.00
5294846.10	1.00
5294869.94	0.00
5294900.19	1.00
5294907.91	0.00
5294951.48	1.00
5294959.00	0.00
5294988.46	1.00
5294995.41	0.00
5295023.75	1.00
5295242.17	0.00
